{"1": [[0, 1.9919400349624627e-05], [9, 0.42732309598836465], [39, 11.041265839817903], [546, 0.5643077112853059], [1412, 0.5815850519177009], [4765, 1e-05]], "2": [[0, 1.4458023394143454e-05], [17, 0.36641467816952], [132, 0.4493492044731923], [959, 0.1312436178280059], [897, 0.01392342890481284], [3144, 1e-05]], "3": [[0, 9.356859248857575e-06], [16, 0.3463066908799916], [35, 0.7950790790566625], [87, 0.07250370294243488], [1868, 0.007480475234730304], [2874, 1e-05]], "4": [[0, 5.8636491422871465e-06], [22, 0.23348675306577985], [16, 0.47452350800357407], [448, 0.03292696329270361], [1519, 0.002955421776956385], [2471, 1e-05]], "5": [[0, 2.429152132132001e-06], [13, 0.08721396032035343], [26, 0.18495407824607243], [313, 0.020048627470921093], [1653, 0.0017321295505838216], [2239, 1e-05]], "6": [[0, 2.7070659039694084e-06], [13, 0.005585427603050145], [23, 0.0108692346342803], [1540, 5.979231352393463e-05], [430, 9.791535707381384e-05], [991, 1e-05]], "7": [[0, 3.0531961925335884e-06], [10, 0.06671775316138231], [17, 0.2578907608027243], [1299, 0.0013942236003477572], [679, 0.0002725952974616223], [1436, 1e-05]], "8": [[0, 1.5459010798068924e-06], [16, 0.041145235370808164], [23, 0.06072685783628392], [1421, 0.0001027261465368209], [546, 9.243349996102224e-05], [966, 1e-05]], "9": [[0, 1.989743291928023e-06], [16, 0.023962020949636727], [17, 0.040171015123654286], [1049, 4.328887255322281e-05], [923, 6.589030525948031e-05], [819, 1e-05]], "10": [[0, 2.001763317569477e-06], [16, 0.003901619140930713], [20, 0.012768573548458116], [898, 0.000133198937629495], [1071, 3.3925207582539284e-05], [531, 1e-05]], "11": [[0, 1.1431231641545772e-06], [15, 0.010377474490452161], [17, 0.017981257788431345], [698, 0.0001293221317858567], [1276, 4.0733018156780297e-05], [610, 1e-05]], "12": [[0, 1.6344345354008448e-06], [10, 0.002266704477575892], [9, 0.003302242022277133], [64, 4.910646450675912e-05], [1923, 4.497810607788852e-05], [653, 1e-05]], "13": [[0, 9.820473268025332e-07], [15, 0.006069490336129355], [17, 0.009598072599021571], [1231, 3.335376484283409e-05], [743, 4.959533414994328e-05], [695, 1e-05]], "14": [[0, 1.4338170554368732e-06], [13, 0.011324303420679156], [16, 0.015803151085838622], [579, 9.651224767123992e-05], [1398, 4.008545083664065e-05], [603, 1e-05]], "15": [[0, 9.208746184935456e-07], [16, 0.02001445221339106], [16, 0.036535796891830875], [1245, 3.275516691957151e-05], [729, 4.3710089476631494e-05], [641, 1e-05]], "16": [[0, 1.291144338649773e-06], [17, 0.005549400562533737], [28, 0.005274938317804761], [975, 3.3224208110032644e-05], [985, 4.73447582770686e-05], [675, 1e-05]], "17": [[0, 2.7026378820182584e-07], [15, 0.0070691814568756605], [19, 0.015600807525744016], [1071, 3.6262066712131377e-05], [901, 4.5099474200430485e-05], [654, 1e-05]], "18": [[0, 6.64175635530389e-07], [19, 0.003903172288117581], [12, 0.0055284777839996], [441, 2.4829024815760194e-05], [1534, 4.379181248429438e-05], [641, 1e-05]]}