{"1": [[0, 0.03646117968209008], [17, 1.4790503289019412], [116, 1.7464818747653081], [1364, 0.32805053827525693], [511, 0.1609264966801982], [2207, 0.0009999999999999998]], "2": [[0, 0.0012634508047348386], [9, 0.21596971199840045], [32, 2.404807458377003], [729, 0.5502459191358052], [1239, 0.03756845077976835], [1575, 0.0009999999999999998]], "3": [[0, 0.01254349241718219], [15, 0.15099185596710532], [26, 0.3421051478156847], [804, 0.051061292632147516], [1164, 0.0047740936634367475], [679, 0.0009999999999999998]], "4": [[0, 0.004250878808238577], [9, 0.057457146712061244], [32, 0.5554119700653773], [1434, 0.018122634597003563], [534, 0.025025024003812353], [1398, 0.0009999999999999998]], "5": [[0, 0.0009999999999999998], [6, 0.01816626570185348], [20, 0.08438815335232426], [624, 0.006071196966144399], [1358, 0.002903916392093575], [463, 0.0009999999999999998]], "6": [[0, 0.002161710338513421], [12, 0.15650724904503518], [20, 0.5925248800917347], [1245, 0.011559939842952675], [731, 0.015835095979827792], [1200, 0.0009999999999999998]], "7": [[0, 0.0023404483051654946], [15, 0.08542249910042937], [17, 0.1666895668496017], [853, 0.0021358280107708454], [1123, 0.0033970486787507984], [531, 0.0009999999999999998]], "8": [[0, 0.0020843732849860934], [17, 0.12346736808924237], [29, 0.18170621956830013], [1016, 0.010201883691495973], [946, 0.005236696363962163], [719, 0.0009999999999999998]], "9": [[0, 0.0030655166217990527], [17, 0.13600540298075547], [64, 0.1831798098530581], [641, 0.014173570743211048], [1286, 0.0019437161448920615], [289, 0.0009999999999999998]], "10": [[0, 0.00479559610080011], [29, 0.06072650347041644], [61, 0.0798317372027684], [816, 0.0046354272307415414], [1103, 0.003714921017812922], [570, 0.0009999999999999998]], "11": [[0, 0.002712805431040445], [20, 0.058009604750650895], [17, 0.07063250568468678], [746, 0.008931881841216528], [1225, 0.001201477179802048], [80, 0.0009999999999999998]], "12": [[0, 0.0011411701775337058], [9, 0.01821003171882191], [20, 0.07124145242041195], [795, 0.006330355307626967], [1184, 0.002254072162494906], [353, 0.0009999999999999998]], "13": [[0, 0.0012512680959778542], [9, 0.012546514343345075], [9, 0.01494232149421479], [746, 0.0020352720499251602], [1245, 0.0021786470499486742], [338, 0.0009999999999999998]], "14": [[0, 0.0009952115977475834], [12, 0.022746594188342958], [110, 0.03291419108007345], [139, 0.006637951769233443], [1747, 0.0007961189128058337]], "15": [[0, 0.0008774321388499404], [12, 0.010222851979210086], [20, 0.013301383595068267], [572, 0.0028869457800665983], [1405, 0.0008797187781985485]], "16": [[0, 0.0009241395135334805], [12, 0.017513958907860068], [9, 0.006637052937096589], [853, 0.00367677018607421], [1135, 0.0010606068054344045], [26, 0.0009999999999999998]], "17": [[0, 0.0009050618790137055], [15, 0.029306767939208236], [23, 0.01078682206955967], [827, 0.003994973109065478], [1144, 0.0009003742241215998]], "18": [[0, 0.0012493200902472551], [26, 0.01674550900239793], [29, 0.01147113903438373], [232, 0.0032622576962070475], [1721, 0.00103090043200766], [13, 0.0009999999999999998]], "19": [[0, 0.001157202173287927], [17, 0.024463638969512314], [17, 0.027302180375823496], [906, 0.0012095650014134092], [1068, 0.0008644430911523587]], "20": [[0, 0.0029782923681902418], [223, 0.0026139493226257425], [168, 0.0015766931903501277], [842, 0.0011388221206957768], [775, 0.0009999999999999998]]}